{"n_covariates": 4, "n_sim": 1000, "n_train": 2000, "n": 2858, "B_RF": 2000, "B_1": 200, "seed": 42, "X_pred_point": "[ 0  1 80 40]", "shape_weibull": 1, "data_generation_parameter_0_1": "{'shape_weibull': 1, 'p_1': -0.405, 'p_2': -0.4, 'p_3': -0.05, 'p_4': -0.01, 'n': 2858, 'scale_weibull_base': 22080, 'rate_censoring': 0.00321, 'tau': 37, 'X_pred_point':    X_1  X_2  X_3  X_4\n0    0    1   80   40}", "data_generation_parameter_0_3": "{'shape_weibull': 1, 'p_1': -0.405, 'p_2': -0.4, 'p_3': -0.05, 'p_4': -0.01, 'n': 2858, 'scale_weibull_base': 18900, 'rate_censoring': 0.01125, 'tau': 37, 'X_pred_point':    X_1  X_2  X_3  X_4\n0    0    1   80   40}", "data_generation_parameter_0_5": "{'shape_weibull': 1, 'p_1': -0.405, 'p_2': -0.4, 'p_3': -0.05, 'p_4': -0.01, 'n': 2858, 'scale_weibull_base': 15120, 'rate_censoring': 0.023293, 'tau': 37, 'X_pred_point':    X_1  X_2  X_3  X_4\n0    0    1   80   40}", "params_rf": "{'n_estimators': 2000, 'max_depth': 4, 'min_samples_split': 5, 'max_features': 'log2', 'random_state': 42, 'weighted_bootstrapping': True}", "portion_zero_weights_train[1,3,5]": [0.1, 0.3, 0.5], "portion_seen_events_train[1,3,5]": [0.2001, 0.2, 0.2], "true_survival_probability[1,3,5]": [0.8157739370157204, 0.7882992227167461, 0.7427862793678599], "wb_test_mse_ipcw[1,3,5]": [0.15630097483714073, 0.16990805710990878, 0.18858807412839818], "rf_test_mse_ipcw[1,3,5]": [0.15886116627898006, 0.17321803239686495, 0.19343085542179703]}