{"n_covariates": 4, "n_sim": 1000, "n_train": 1000, "n": 1429, "B_RF": 1000, "B_1": 10, "seed": 42, "X_pred_point": "[0 1 1 0]", "shape_weibull": 1, "data_generation_parameter_0_1": "{'shape_weibull': 1, 'p_1': -0.405, 'p_2': -0.4, 'p_3': -0.35, 'p_4': -0.3, 'n': 1429, 'tau': 37, 'X_pred_point':    X_1  X_2  X_3  X_4\n0    0    1    1    0, 'covariate_type': 'binary', 'scale_weibull_base': 369.01, 'rate_censoring': 0.003059}", "data_generation_parameter_0_3": "{'shape_weibull': 1, 'p_1': -0.405, 'p_2': -0.4, 'p_3': -0.35, 'p_4': -0.3, 'n': 1429, 'tau': 37, 'X_pred_point':    X_1  X_2  X_3  X_4\n0    0    1    1    0, 'covariate_type': 'binary', 'scale_weibull_base': 332.93, 'rate_censoring': 0.011002}", "data_generation_parameter_0_5": "{'shape_weibull': 1, 'p_1': -0.405, 'p_2': -0.4, 'p_3': -0.35, 'p_4': -0.3, 'n': 1429, 'tau': 37, 'X_pred_point':    X_1  X_2  X_3  X_4\n0    0    1    1    0, 'covariate_type': 'binary', 'scale_weibull_base': 281.63, 'rate_censoring': 0.022153}", "params_rf": "{'n_estimators': 1000, 'max_depth': 4, 'min_samples_split': 5, 'max_features': 'log2', 'random_state': 42, 'weighted_bootstrapping': True}", "portion_zero_weights_train[1,3,5]": [0.0951, 0.2955, 0.4883], "portion_seen_events_train[1,3,5]": [0.2089, 0.1997, 0.1938], "true_survival_probability[1,3,5]": [0.8087479549030533, 0.7903560960572573, 0.7572003992560927], "wb_test_mse_ipcw[1,3,5]": [0.1681285667726961, 0.17934004533159828, 0.19613233452179363], "rf_test_mse_ipcw[1,3,5]": [0.17041876077325394, 0.1823289253499499, 0.20056958385609056]}