{
    "n_covariates": 4,
    "n_sim": 1000,
    "n_train": 1000,
    "n": 1429,
    "B_RF": 1000,
    "B_1": 200,
    "seed": 42,
    "X_pred_point": "[ 0  0 69 40]",
    "shape_weibull": 1,
    "data_generation_parameter_0_1": "{'shape_weibull': 1, 'p_1': -0.405, 'p_2': -0.4, 'p_3': -0.05, 'p_4': -0.01, 'n': 1429, 'scale_weibull_base': 22080, 'rate_censoring': 0.00321, 'tau': 37, 'X_pred_point':    X_1  X_2  X_3  X_4\n0    0    0   69   40}",
    "data_generation_parameter_0_3": "{'shape_weibull': 1, 'p_1': -0.405, 'p_2': -0.4, 'p_3': -0.05, 'p_4': -0.01, 'n': 1429, 'scale_weibull_base': 18900, 'rate_censoring': 0.01125, 'tau': 37, 'X_pred_point':    X_1  X_2  X_3  X_4\n0    0    0   69   40}",
    "data_generation_parameter_0_5": "{'shape_weibull': 1, 'p_1': -0.405, 'p_2': -0.4, 'p_3': -0.05, 'p_4': -0.01, 'n': 1429, 'scale_weibull_base': 15120, 'rate_censoring': 0.023293, 'tau': 37, 'X_pred_point':    X_1  X_2  X_3  X_4\n0    0    0   69   40}",
    "params_rf": "{'n_estimators': 1000, 'max_depth': 4, 'min_samples_split': 5, 'max_features': 'log2', 'random_state': 42, 'weighted_bootstrapping': True}",
    "portion_zero_weights_train[1,3,5]": [
        0.1,
        0.3002,
        0.5004
    ],
    "portion_seen_events_train[1,3,5]": [
        0.2002,
        0.1999,
        0.1998
    ],
    "true_survival_probability[1,3,5]": [
        0.9242733351191121,
        0.9121078839550837,
        0.8913694842034603
    ],
    "wb_test_mse_ipcw[1,3,5]": [
        0.15601314125612997,
        0.16998293760786579,
        0.18901814038856002
    ],
    "rf_test_mse_ipcw[1,3,5]": [
        0.15968265597171086,
        0.1745549203354241,
        0.19629603429209866
    ]
}