tau,patient,pred,std_wager,std_jahn,std_boot
745,1,0.43153018710095203,0.1405447581505836,0.14299257706259919,0.17105364904621517
745,2,0.8139846644253796,0.0419960504816579,0.043889071985204094,0.06745138043228009
1500,1,0.30621275239220086,0.07399335180619353,0.09328995214889828,0.13229151247577178
1500,2,0.630645604523095,0.050853714516668966,0.04913168909124138,0.07269548395552147
2135,1,0.2036404814630521,0.15064371326480824,0.11660682251756396,0.16214771561102057
2135,2,0.4910182988255641,0.11270524426425785,0.08529725503698764,0.13996938200508408
