{"n_covariates": 4, "n_sim": 1000, "n_train": 1000, "n": 1429, "B_RF": 1000, "B_1": 200, "seed": 42, "X_pred_point": "[ 0  1 80 40]", "shape_weibull": 1, "data_generation_parameter_0_1": "{'shape_weibull': 1, 'p_1': -0.405, 'p_2': -0.4, 'p_3': -0.05, 'p_4': -0.01, 'n': 1429, 'scale_weibull_base': 8951, 'rate_censoring': 0.00378, 'tau': 37, 'X_pred_point':    X_1  X_2  X_3  X_4\n0    0    1   80   40}", "data_generation_parameter_0_3": "{'shape_weibull': 1, 'p_1': -0.405, 'p_2': -0.4, 'p_3': -0.05, 'p_4': -0.01, 'n': 1429, 'scale_weibull_base': 7100, 'rate_censoring': 0.0142, 'tau': 37, 'X_pred_point':    X_1  X_2  X_3  X_4\n0    0    1   80   40}", "data_generation_parameter_0_5": "{'shape_weibull': 1, 'p_1': -0.405, 'p_2': -0.4, 'p_3': -0.05, 'p_4': -0.01, 'n': 1429, 'scale_weibull_base': 4665, 'rate_censoring': 0.0355, 'tau': 37, 'X_pred_point':    X_1  X_2  X_3  X_4\n0    0    1   80   40}", "params_rf": "{'n_estimators': 1000, 'max_depth': 4, 'min_samples_split': 5, 'max_features': 'log2', 'random_state': 42, 'weighted_bootstrapping': True}", "portion_zero_weights_train[1,3,5]": [0.1002, 0.301, 0.5006], "portion_seen_events_train[1,3,5]": [0.4009, 0.4015, 0.4], "true_survival_probability[1,3,5]": [0.6051508886951316, 0.5308778602487467, 0.3814604053503026], "wb_test_mse_ipcw[1,3,5]": [0.21766305537876543, 0.21977445077302885, 0.20136934723852487], "rf_test_mse_ipcw[1,3,5]": [0.2238498231356616, 0.227225017026871, 0.21457185699684334]}