{"n_covariates": 4, "n_sim": 1000, "n_train": 1000, "n": 1429, "B_RF": 1000, "B_1": 0, "seed": 42, "X_pred_point": "[ 0  1 80 40]", "shape_weibull": 1, "data_generation_parameter_0_1": "{'shape_weibull': 1, 'p_1': -0.405, 'p_2': -0.4, 'p_3': -0.05, 'p_4': -0.01, 'n': 1429, 'scale_weibull_base': 13000, 'rate_censoring': 0.00348, 'tau': 37, 'X_pred_point':    X_1  X_2  X_3  X_4\n0    0    1   80   40}", "data_generation_parameter_0_3": "{'shape_weibull': 1, 'p_1': -0.405, 'p_2': -0.4, 'p_3': -0.05, 'p_4': -0.01, 'n': 1429, 'scale_weibull_base': 11000, 'rate_censoring': 0.0125, 'tau': 37, 'X_pred_point':    X_1  X_2  X_3  X_4\n0    0    1   80   40}", "data_generation_parameter_0_5": "{'shape_weibull': 1, 'p_1': -0.405, 'p_2': -0.4, 'p_3': -0.05, 'p_4': -0.01, 'n': 1429, 'scale_weibull_base': 8300, 'rate_censoring': 0.02759, 'tau': 37, 'X_pred_point':    X_1  X_2  X_3  X_4\n0    0    1   80   40}", "params_rf": "{'n_estimators': 1000, 'max_depth': 4, 'min_samples_split': 5, 'max_features': 'log2', 'random_state': 42, 'weighted_bootstrapping': True}", "portion_zero_weights_train[1,3,5]": [0.1003, 0.3005, 0.5017], "portion_seen_events_train[1,3,5]": [0.3067, 0.302, 0.3], "true_survival_probability[1,3,5]": [0.7076275789133051, 0.6645023535981688, 0.5817741612972696], "wb_test_mse_ipcw[1,3,5]": [0.19952643525801947, 0.20952860459957684, 0.2199877614034845], "rf_test_mse_ipcw[1,3,5]": [0.20456510406798206, 0.2158693727015475, 0.23036020907366395]}