{"n_covariates": 4, "n_sim": 1000, "n_train": 1000, "n": 1429, "B_RF": 1000, "B_1": 10, "seed": 42, "X_pred_point": "[0 1 1 0]", "shape_weibull": 1, "data_generation_parameter_0_1": "{'shape_weibull': 1, 'p_1': -0.405, 'p_2': -0.4, 'p_3': -0.35, 'p_4': -0.3, 'n': 1429, 'tau': 37, 'X_pred_point':    X_1  X_2  X_3  X_4\n0    0    1    1    0, 'covariate_type': 'binary', 'scale_weibull_base': 167.3, 'rate_censoring': 0.003308}", "data_generation_parameter_0_3": "{'shape_weibull': 1, 'p_1': -0.405, 'p_2': -0.4, 'p_3': -0.35, 'p_4': -0.3, 'n': 1429, 'tau': 37, 'X_pred_point':    X_1  X_2  X_3  X_4\n0    0    1    1    0, 'covariate_type': 'binary', 'scale_weibull_base': 131.44, 'rate_censoring': 0.013171}", "data_generation_parameter_0_5": "{'shape_weibull': 1, 'p_1': -0.405, 'p_2': -0.4, 'p_3': -0.35, 'p_4': -0.3, 'n': 1429, 'tau': 37, 'X_pred_point':    X_1  X_2  X_3  X_4\n0    0    1    1    0, 'covariate_type': 'binary', 'scale_weibull_base': 86.26, 'rate_censoring': 0.032175}", "params_rf": "{'n_estimators': 1000, 'max_depth': 4, 'min_samples_split': 5, 'max_features': 'log2', 'random_state': 42, 'weighted_bootstrapping': True}", "portion_zero_weights_train[1,3,5]": [0.0897, 0.2861, 0.4748], "portion_seen_events_train[1,3,5]": [0.3958, 0.4046, 0.4168], "true_survival_probability[1,3,5]": [0.6261315017761987, 0.5510500128962783, 0.40330707116595965], "wb_test_mse_ipcw[1,3,5]": [0.23524090613311052, 0.24050876937533655, 0.21940065952224608], "rf_test_mse_ipcw[1,3,5]": [0.23835910469547633, 0.24506806738876802, 0.22805836425807474]}